Location ID,location_name,Care Home?,Location Type,Location Primary Inspection Category,Location Street Address,Location Address Line 2,Location City,Location Post Code,Location Local Authority,Location Region,Location ONSPD CCG Code,Location ONSPD CCG,Location Commissioning CCG Code,Location Commissioning CCG Name,Service / Population Group,Domain,Latest Rating,Publication Date,Report Type,Inherited Rating (Y/N),URL,Provider ID,provider_name,Brand ID,Brand Name,std_name
1-466088203,10 Spennithorne Road,Y,Social Care Org,Residential social care,10 Spennithorne Road,Urmston,Manchester,M41 5BU,Trafford,North West,E38000187,NHS Trafford CCG,NA,NA,Overall,Safe,Good,2018-02-10T00:00:00Z,Location,N,http://www.cqc.org.uk/location/1-466088203,1-438920790,Future Directions CIC,-,-,FUTURE DIRECTIONS CIC
1-1824380865,"17 Chamberlain Way, Respite Unit",Y,Social Care Org,Residential social care,17 Chamberlain Way,NA,Surbiton,KT6 6JH,Kingston upon Thames,London,E38000090,NHS Kingston CCG,NA,NA,Overall,Safe,Good,2018-04-21T00:00:00Z,Location,N,http://www.cqc.org.uk/location/1-1824380865,1-1632655813,Balance (Support) CIC,-,-,BALANCE (SUPPORT) CIC
1-5103942742,50 Arbour Street,Y,Social Care Org,Residential social care,50 Arbour Street,Talke Pits,Stoke-on-trent,ST7 1QW,Staffordshire,West Midlands,E38000126,NHS North Staffordshire CCG,NA,NA,Overall,Safe,Good,2019-05-08T00:00:00Z,Location,N,http://www.cqc.org.uk/location/1-5103942742,1-2061440179,Kidsgrove Care Solutions CIC,-,-,KIDSGROVE CARE SOLUTIONS CIC
1-7166259712,7 Beresford Buildings,N,Social Care Org,Community based adult social care services,Beresford  Crescent,NA,Middlesbrough,TS3 9NB,Middlesbrough,North East,E38000162,NHS South Tees CCG,NA,NA,Overall,Safe,Good,2019-01-31T00:00:00Z,Location,Y,http://www.cqc.org.uk/location/1-7166259712,1-222973241,Positive Support for You CIC,-,-,POSITIVE SUPPORT FOR YOU CIC
1-5805871215,Acorn Surgery,N,Independent Healthcare Org,Independent consulting doctors,Oak Tree Centre,1 Oak Drive,Huntingdon,PE29 7HN,Cambridgeshire,East of England,E38000026,NHS Cambridgeshire and Peterborough CCG,NA,NA,Overall,Safe,Inadequate,2019-09-02T00:00:00Z,Location,N,http://www.cqc.org.uk/location/1-5805871215,1-5657665166,West Cambs Federation CIC,-,-,WEST CAMBS FEDERATION CIC
1-2054497390,Acute Need CIC,N,Social Care Org,Community based adult social care services,161 College Street,NA,St Helens,WA10 1TY,St. Helens,North West,E38000172,NHS St Helens CCG,NA,NA,Overall,Safe,Outstanding,2019-01-10T00:00:00Z,Location,N,http://www.cqc.org.uk/location/1-2054497390,1-277034446,Acute Need CIC,-,-,ACUTE NEED CIC
1-2078093883,Adult Placement,N,Social Care Org,Community based adult social care services,St Georges Resource Centre,Cromwell Road,Salford,M6 6SB,Salford,North West,E38000143,NHS Salford CCG,NA,NA,Overall,Safe,Good,2018-12-29T00:00:00Z,Location,N,http://www.cqc.org.uk/location/1-2078093883,1-2024594488,Aspire: for Intelligent Care and Support C.I.C,-,-,ASPIRE: FOR INTELLIGENT CARE AND SUPPORT CIC
1-6179212410,All Seasons Community Support Two Limited,N,Social Care Org,Community based adult social care services,"3rd Floor, Mill Lane House",Mill Lane,Margate,CT9 1LB,Kent,South East,E38000184,NHS Thanet CCG,NA,NA,Overall,Safe,Good,2019-05-02T00:00:00Z,Location,N,http://www.cqc.org.uk/location/1-6179212410,1-5868163952,All Seasons Community Support CIC,-,-,ALL SEASONS COMMUNITY SUPPORT CIC
1-2867154703,Amherst Court,N,Independent Healthcare Org,Community health - NHS & Independent,Palmerston Road,NA,Chatham,ME4 6LU,Medway,South East,E38000104,NHS Medway CCG,NA,NA,Community health inpatient services,Safe,Requires improvement,2017-06-29T00:00:00Z,Location,N,http://www.cqc.org.uk/location/1-2867154703,1-184500761,Medway Community Healthcare C.I.C,-,-,MEDWAY COMMUNITY HEALTHCARE CIC
1-316644795,Angels Community Enterprises CIC,N,Social Care Org,Community based adult social care services,Micklethwaite House,70 Cross Green Lane,Leeds,LS9 0DG,Leeds,Yorkshire and The Humber,E38000225,NHS Leeds CCG,NA,NA,Overall,Safe,Good,2016-01-11T00:00:00Z,Location,N,http://www.cqc.org.uk/location/1-316644795,1-296951763,Angels Community Enterprises C.I.C.,-,-,ANGELS COMMUNITY ENTERPRISES CIC
1-163009692,Annie's Healthcare Services C.I.C.,N,Social Care Org,Community based adult social care services,245A Beehive Lane,NA,Ilford,IG4 5ED,Redbridge,London,E38000138,NHS Redbridge CCG,NA,NA,Overall,Safe,Good,2018-06-07T00:00:00Z,Location,N,http://www.cqc.org.uk/location/1-163009692,1-142451470,Annie's Healthcare Services C.I.C.,-,-,ANNIE'S HEALTHCARE SERVICES CIC
1-3302628126,Arch Healthcare,N,Primary Medical Services,GP Practices,The School Clinic,Morley Street,Brighton,BN2 9DH,Brighton and Hove,South East,E38000021,NHS Brighton and Hove CCG,09D,NHS Brighton and Hove CCG,"Families, children and young people",Overall,Good,2019-03-18T00:00:00Z,Location,N,http://www.cqc.org.uk/location/1-3302628126,1-3051733634,Arch Health Community Interest Company,-,-,ARCH HEALTH CIC
1-1192461912,Ashgate Manor,N,Primary Medical Services,Out of hours,Ashgate Road,NA,Chesterfield,S40 4AA,Derbyshire,East Midlands,E38000229,NHS Derby and Derbyshire CCG,NA,NA,Overall,Safe,Good,2017-06-20T00:00:00Z,Location,N,http://www.cqc.org.uk/location/1-1192461912,1-199800254,DHU Health Care C.I.C.,-,-,DHU HEALTH CARE CIC
1-297421922,Avondown House,N,Independent Healthcare Org,Community based adult social care services,Langdon Road,"The Hollow, Twerton",Bath,BA2 1ND,Bath and North East Somerset,South West,E38000009,NHS Bath and North East Somerset CCG,NA,NA,Overall,Safe,Good,2018-03-16T00:00:00Z,Location,N,http://www.cqc.org.uk/location/1-297421922,1-290660061,Sirona Care & Health C.I.C.,-,-,SIRONA CARE & HEALTH CIC
1-6644090685,BHF Highgate Surgery,N,Primary Medical Services,GP Practices,The Grimethorpe Centre,"Acorn Way, Grimethorpe",Barnsley,S72 7NZ,Barnsley,Yorkshire and The Humber,E38000006,NHS Barnsley CCG,02P,NHS Barnsley CCG,"Families, children and young people",Overall,Good,2019-08-15T00:00:00Z,Location,N,http://www.cqc.org.uk/location/1-6644090685,1-6082596120,Barnsley Healthcare Federation CIC,-,-,BARNSLEY HEALTHCARE FEDERATION CIC
1-6644090521,BHF Lundwood Practice,N,Primary Medical Services,GP Practices,Priory Campus,Pontefract Road,Barnsley,S71 5PN,Barnsley,Yorkshire and The Humber,E38000006,NHS Barnsley CCG,02P,NHS Barnsley CCG,"Families, children and young people",Overall,Good,2019-08-15T00:00:00Z,Location,N,http://www.cqc.org.uk/location/1-6644090521,1-6082596120,Barnsley Healthcare Federation CIC,-,-,BARNSLEY HEALTHCARE FEDERATION CIC
1-6037761180,Beaumont House,N,Independent Healthcare Org,Independent consulting doctors,275 Bancroft Road,NA,London,E1 4DG,Tower Hamlets,London,E38000186,NHS Tower Hamlets CCG,NA,NA,Overall,Safe,Good,2019-04-24T00:00:00Z,Location,N,http://www.cqc.org.uk/location/1-6037761180,1-2008331379,Tower Hamlets GP Care Group CIC,-,-,TOWER HAMLETS GP CARE GROUP CIC
1-233070238,Beckenham Beacon,N,Independent Healthcare Org,Community health - NHS & Independent,379 Croydon Road,NA,Beckenham,BR3 3QL,Bromley,London,E38000023,NHS Bromley CCG,NA,NA,Community health services for adults,Safe,Good,2017-07-12T00:00:00Z,Location,N,http://www.cqc.org.uk/location/1-233070238,1-216234545,Bromley Healthcare Community Interest Company,-,-,BROMLEY HEALTHCARE CIC
1-514003523,Bentham Road Health Centre,N,Primary Medical Services,GP Practices,"Bentham Road,",NA,Blackburn,BB2 4QD,Blackburn with Darwen,North West,E38000014,NHS Blackburn with Darwen CCG,00Q,NHS Blackburn with Darwen CCG,"Families, children and young people",Overall,Good,2017-07-26T00:00:00Z,Location,N,http://www.cqc.org.uk/location/1-514003523,1-199809610,Cornerstone Healthcare Community Interest Company,-,-,CORNERSTONE HEALTHCARE CIC
1-2062075289,Bevan House,N,Primary Medical Services,GP Practices,14 Piccadilly,NA,Bradford,BD1 3LS,Bradford,Yorkshire and The Humber,E38000018,NHS Bradford City CCG,02W,NHS Bradford City CCG,"Families, children and young people",Overall,Outstanding,2016-03-30T00:00:00Z,Location,N,http://www.cqc.org.uk/location/1-2062075289,1-199697065,Bevan Healthcare C.I.C.,-,-,BEVAN HEALTHCARE CIC
1-3297161830,Bexley Health Neighbourhood Care GP Hub (BHNC GP Hub) at Erith and District Hospital,N,Primary Medical Services,GP Practices,Park Crescent,NA,Erith,DA8 3EE,Bexley,London,E38000011,NHS Bexley CCG,NA,NA,Overall,Safe,Requires improvement,2019-07-19T00:00:00Z,Location,N,http://www.cqc.org.uk/location/1-3297161830,1-3233364186,Bexley Health Neighbourhood Care C.I.C.,-,-,BEXLEY HEALTH NEIGHBOURHOOD CARE CIC
1-3297161909,"Bexley Health Neighbourhood Care GP Hub (BHNC GP Hub) at Queen Mary's Hospital, Sidcup",N,Primary Medical Services,GP Practices,Frognal Avenue,NA,Sidcup,DA14 6LT,Bexley,London,E38000011,NHS Bexley CCG,NA,NA,Overall,Safe,Requires improvement,2019-07-19T00:00:00Z,Location,N,http://www.cqc.org.uk/location/1-3297161909,1-3233364186,Bexley Health Neighbourhood Care C.I.C.,-,-,BEXLEY HEALTH NEIGHBOURHOOD CARE CIC
1-3764334860,Birtle View Medical Practice,N,Primary Medical Services,GP Practices,George Street,NA,Heywood,OL10 4PW,Rochdale,North West,E38000080,"NHS Heywood, Middleton and Rochdale CCG",01D,"NHS Heywood, Middleton and Rochdale CCG","Families, children and young people",Overall,Good,2018-11-06T00:00:00Z,Location,N,http://www.cqc.org.uk/location/1-3764334860,1-199810820,Hope Citadel Healthcare Community Interest Company,-,-,HOPE CITADEL HEALTHCARE CIC
1-562020466,Bolton Community Practice CIC,N,Primary Medical Services,GP Practices,Navigation Park,Waters Meeting Road,Bolton,BL1 8TT,Bolton,North West,E38000016,NHS Bolton CCG,00T,NHS Bolton CCG,"Families, children and young people",Overall,Good,2016-12-01T00:00:00Z,Location,N,http://www.cqc.org.uk/location/1-562020466,1-199805187,Bolton Community Practice C.I.C.,-,-,BOLTON COMMUNITY PRACTICE CIC
1-6644090559,Brierley Medical Centre,N,Primary Medical Services,GP Practices,Church Drive,Brierley,Barnsley,S72 9HZ,Barnsley,Yorkshire and The Humber,E38000006,NHS Barnsley CCG,02P,NHS Barnsley CCG,"Families, children and young people",Overall,Good,2019-08-15T00:00:00Z,Location,N,http://www.cqc.org.uk/location/1-6644090559,1-6082596120,Barnsley Healthcare Federation CIC,-,-,BARNSLEY HEALTHCARE FEDERATION CIC
1-1958383514,Broomfields Sheltered Housing,N,Social Care Org,Community based adult social care services,Broomfields,Bridge Lane,Appleton,WA4 3AT,Warrington,North West,E38000194,NHS Warrington CCG,NA,NA,Overall,Safe,Good,2018-07-24T00:00:00Z,Location,N,http://www.cqc.org.uk/location/1-1958383514,1-1839748163,Catalyst Choices Community Interest Company,-,-,CATALYST CHOICES CIC
1-5805871042,Buckden Surgery,N,Independent Healthcare Org,Independent consulting doctors,Mayfield,Buckden,St. Neots,PE19 5SZ,Cambridgeshire,East of England,E38000026,NHS Cambridgeshire and Peterborough CCG,NA,NA,Overall,Safe,Inadequate,2019-09-02T00:00:00Z,Location,N,http://www.cqc.org.uk/location/1-5805871042,1-5657665166,West Cambs Federation CIC,-,-,WEST CAMBS FEDERATION CIC
1-1405004765,CTRC CIC,N,Social Care Org,Community based adult social care services,"Network House, 1 Bentinck Court",Bentinck Road,West Drayton,UB7 7RQ,Hillingdon,London,E38000082,NHS Hillingdon CCG,NA,NA,Overall,Safe,Good,2019-04-03T00:00:00Z,Location,N,http://www.cqc.org.uk/location/1-1405004765,1-331547578,CTRC Community Interest Company,-,-,CTRC CIC
1-3832307401,Caradoc Surgery,N,Primary Medical Services,GP Practices,Caradoc,Station Approach,Frinton On Sea,CO13 9JT,Essex,East of England,E38000117,NHS North East Essex CCG,06T,NHS North East Essex CCG,"Families, children and young people",Overall,Requires improvement,2019-01-10T00:00:00Z,Location,N,http://www.cqc.org.uk/location/1-3832307401,1-165291700,Anglian Community Enterprise Community Interest Company (ACE CIC),-,-,ANGLIAN COMMUNITY ENTERPRISE CIC (ACE CIC)
1-777019266,Care Solution Bureau CIC,N,Social Care Org,Community based adult social care services,"Room 7, 1st Floor",22 Market Square,London,E14 6AB,Tower Hamlets,London,E38000186,NHS Tower Hamlets CCG,NA,NA,Overall,Safe,Requires improvement,2018-12-29T00:00:00Z,Location,N,http://www.cqc.org.uk/location/1-777019266,1-101652758,Care Solution Bureau CIC,-,-,CARE SOLUTION BUREAU CIC
1-2033652302,Carers Break Community Interest Company,N,Social Care Org,Community based adult social care services,"Office A105 Advent House, Station Approach","Victoria, Roche",St. Austell,PL26 8LG,Cornwall,South West,E38000089,NHS Kernow CCG,NA,NA,Overall,Safe,Good,2017-10-20T00:00:00Z,Location,N,http://www.cqc.org.uk/location/1-2033652302,1-913805502,Carers Break Community Interest Company,-,-,CARERS BREAK CIC
1-3090033271,Carers Forward Head office,N,Social Care Org,Community based adult social care services,22 Highgate Square,Highgate,Birmingham,B12 0DU,Birmingham,West Midlands,E38000220,NHS Birmingham and Solihull CCG,NA,NA,Overall,Safe,Good,2019-03-26T00:00:00Z,Location,N,http://www.cqc.org.uk/location/1-3090033271,1-2245474707,Carers Forward C.I.C.,-,-,CARERS FORWARD CIC
1-4826229730,Carfax NHS Medical Centre,N,Primary Medical Services,GP Practices,Swindon Health Centre,1 Islington Street,Swindon,SN1 2DQ,Swindon,South West,E38000181,NHS Swindon CCG,12D,NHS Swindon CCG,"Families, children and young people",Overall,Good,2018-11-01T00:00:00Z,Location,N,http://www.cqc.org.uk/location/1-4826229730,1-199788641,Carfax Health Enterprise Community Interest Company,-,-,CARFAX HEALTH ENTERPRISE CIC
1-1883763959,Carpenters Practice,N,Primary Medical Services,GP Practices,236-252 High Street,NA,Stratford,E15 2JA,Newham,London,E38000113,NHS Newham CCG,08M,NHS Newham CCG,"Families, children and young people",Overall,Good,2015-11-12T00:00:00Z,Location,N,http://www.cqc.org.uk/location/1-1883763959,1-199732939,Lantern Health CIC,-,-,LANTERN HEALTH CIC
1-2995343268,Catalyst Choices Shared Lives,N,Social Care Org,Community based adult social care services,14 Arden Close,Gorse Covert,Warrington,WA3 6UP,Warrington,North West,E38000194,NHS Warrington CCG,NA,NA,Overall,Safe,Good,2018-11-24T00:00:00Z,Location,N,http://www.cqc.org.uk/location/1-2995343268,1-1839748163,Catalyst Choices Community Interest Company,-,-,CATALYST CHOICES CIC
1-297421505,Charlton House Community Resource Centre,Y,Independent Healthcare Org,Residential social care,"Charlton House, Hawthorns Lane",Keynsham,Bristol,BS31 1BF,Bath and North East Somerset,South West,E38000009,NHS Bath and North East Somerset CCG,NA,NA,Overall,Safe,Requires improvement,2019-04-30T00:00:00Z,Location,N,http://www.cqc.org.uk/location/1-297421505,1-290660061,Sirona Care & Health C.I.C.,-,-,SIRONA CARE & HEALTH CIC
1-1678280100,Cherwell Centre,N,Social Care Org,Community based adult social care services,Cherwell Avenue,Heywood,Rochdale,OL10 4SY,Rochdale,North West,E38000080,"NHS Heywood, Middleton and Rochdale CCG",NA,NA,Overall,Safe,Good,2018-12-11T00:00:00Z,Location,N,http://www.cqc.org.uk/location/1-1678280100,1-1387303084,PossAbilities C.I.C,-,-,POSSABILITIES CIC
1-4111936816,"Christmas Maltings, Clements & Keddington Surgery",N,Primary Medical Services,GP Practices,Clements Surgery,Greenfields Way,Haverhill,CB9 8LU,Suffolk,East of England,E38000204,NHS West Suffolk CCG,07K,NHS West Suffolk CCG,"Families, children and young people",Overall,Inadequate,2019-03-19T00:00:00Z,Location,N,http://www.cqc.org.uk/location/1-4111936816,1-140317426,Suffolk GP Federation C.I.C.,-,-,SUFFOLK GP FEDERATION CIC
1-1047798791,Church Green Lodge,Y,Social Care Org,Residential social care,Aslake Close,NA,Norwich,NR7 8ET,Norfolk,East of England,E38000218,NHS Norwich CCG,NA,NA,Overall,Safe,Good,2018-06-01T00:00:00Z,Location,N,http://www.cqc.org.uk/location/1-1047798791,1-893740307,Independence Matters C.I.C.,-,-,INDEPENDENCE MATTERS CIC
1-3053878948,Church Lane Surgery,N,Primary Medical Services,GP Practices,Church Lane,NA,New Romney,TN28 8ER,Kent,South East,E38000156,NHS South Kent Coast CCG,10A,NHS South Kent Coast CCG,"Families, children and young people",Overall,Good,2018-05-08T00:00:00Z,Location,N,http://www.cqc.org.uk/location/1-3053878948,1-1309497424,Invicta Health Community Interest Company,-,-,INVICTA HEALTH CIC
1-564433133,City Health Care Partnership CIC - Kingston Medical Centre,N,Primary Medical Services,GP Practices,151 Beverley Road,NA,Hull,HU3 1TY,"Kingston upon Hull, City of",Yorkshire and The Humber,E38000085,NHS Hull CCG,03F,NHS Hull CCG,"Families, children and young people",Overall,Good,2016-11-08T00:00:00Z,Location,N,http://www.cqc.org.uk/location/1-564433133,1-191582971,City Health Care Partnership CIC,BD256,BRAND City Health Care Partnership CIC,CITY HEALTH CARE PARTNERSHIP CIC
1-402571320,City Health Care Partnership CIC - Sunshine House,Y,Social Care Org,Residential social care,Sunshine House,70 Walker Street,Hull,HU3 2HE,"Kingston upon Hull, City of",Yorkshire and The Humber,E38000085,NHS Hull CCG,NA,NA,Overall,Safe,Good,2019-02-05T00:00:00Z,Location,N,http://www.cqc.org.uk/location/1-402571320,1-191582971,City Health Care Partnership CIC,BD256,BRAND City Health Care Partnership CIC,CITY HEALTH CARE PARTNERSHIP CIC
1-564420575,City Health Care Partnership CIC - The Wolds Primary Care Practice,N,Primary Medical Services,GP Practices,"Entrance A, Bridlington Hospital",Bessingby Road,Bridlington,YO16 4QP,East Riding of Yorkshire,Yorkshire and The Humber,E38000052,NHS East Riding of Yorkshire CCG,02Y,NHS East Riding of Yorkshire CCG,"Families, children and young people",Overall,Good,2016-11-30T00:00:00Z,Location,N,http://www.cqc.org.uk/location/1-564420575,1-191582971,City Health Care Partnership CIC,BD256,BRAND City Health Care Partnership CIC,CITY HEALTH CARE PARTNERSHIP CIC
1-3882088385,Clarity House,N,Independent Healthcare Org,Residential substance misuse,15 Larch Croft,NA,Birmingham,B37 7UR,Solihull,West Midlands,E38000220,NHS Birmingham and Solihull CCG,NA,NA,Overall,Safe,Inadequate,2019-09-23T00:00:00Z,Location,N,http://www.cqc.org.uk/location/1-3882088385,1-3617348775,Changes UK Community Interest Company,-,-,CHANGES UK CIC
1-297412481,Cleeve Court Community Resource Centre,Y,Social Care Org,Residential social care,Cleeve Court,"Cleeve Green, Twerton",Bath,BA2 1RS,Bath and North East Somerset,South West,E38000009,NHS Bath and North East Somerset CCG,NA,NA,Overall,Safe,Good,2019-08-28T00:00:00Z,Location,N,http://www.cqc.org.uk/location/1-297412481,1-290660061,Sirona Care & Health C.I.C.,-,-,SIRONA CARE & HEALTH CIC
1-297421598,Combe Lea Community Resource Centre,Y,Independent Healthcare Org,Residential social care,Combe Lea Residential Care Home,"Greenacres, Midsomer Norton",Radstock,BA3 2RD,Bath and North East Somerset,South West,E38000009,NHS Bath and North East Somerset CCG,NA,NA,Overall,Safe,Requires improvement,2018-05-03T00:00:00Z,Location,N,http://www.cqc.org.uk/location/1-297421598,1-290660061,Sirona Care & Health C.I.C.,-,-,SIRONA CARE & HEALTH CIC
1-5805871286,Cornerstone Surgery,N,Independent Healthcare Org,Independent consulting doctors,Elwyn Road,NA,March,PE15 9BF,Cambridgeshire,East of England,E38000026,NHS Cambridgeshire and Peterborough CCG,NA,NA,Overall,Safe,Inadequate,2019-09-02T00:00:00Z,Location,N,http://www.cqc.org.uk/location/1-5805871286,1-5657665166,West Cambs Federation CIC,-,-,WEST CAMBS FEDERATION CIC
1-5805871438,Cromwell Place Surgery,N,Independent Healthcare Org,Independent consulting doctors,Cromwell Place,NA,St. Ives,PE27 5JD,Cambridgeshire,East of England,E38000026,NHS Cambridgeshire and Peterborough CCG,NA,NA,Overall,Safe,Inadequate,2019-09-02T00:00:00Z,Location,N,http://www.cqc.org.uk/location/1-5805871438,1-5657665166,West Cambs Federation CIC,-,-,WEST CAMBS FEDERATION CIC
1-221575483,Darland House,Y,Independent Healthcare Org,Residential social care,29 Darland Avenue,NA,Gillingham,ME7 3AL,Medway,South East,E38000104,NHS Medway CCG,NA,NA,Overall,Safe,Good,2018-06-20T00:00:00Z,Location,N,http://www.cqc.org.uk/location/1-221575483,1-184500761,Medway Community Healthcare C.I.C,-,-,MEDWAY COMMUNITY HEALTHCARE CIC
1-1968203941,Dunston Community Centre,N,Social Care Org,Community based adult social care services,Railway Street,NA,Gateshead,NE11 9EB,Gateshead,North East,E38000212,NHS Newcastle Gateshead CCG,NA,NA,Overall,Safe,Good,2018-09-01T00:00:00Z,Location,N,http://www.cqc.org.uk/location/1-1968203941,1-376566474,Homecare North East CIC,-,-,HOMECARE NORTH EAST CIC
1-2875180717,EAM Lodge (Trafford),Y,Social Care Org,Residential social care,46 Manchester Road,Partington,Manchester,M31 4DJ,Trafford,North West,E38000187,NHS Trafford CCG,NA,NA,Overall,Safe,Good,2019-03-09T00:00:00Z,Location,N,http://www.cqc.org.uk/location/1-2875180717,1-131464622,EAM Lodge Community Interest Company,-,-,EAM LODGE CIC
1-159629003,EAM Lodge CIC,Y,Social Care Org,Residential social care,21 Fouracres Road,NA,Manchester,M23 1FG,Manchester,North West,E38000217,NHS Manchester CCG,NA,NA,Overall,Safe,Good,2019-07-30T00:00:00Z,Location,N,http://www.cqc.org.uk/location/1-159629003,1-131464622,EAM Lodge Community Interest Company,-,-,EAM LODGE CIC
1-1774755686,East of England Homecare CIC,N,Social Care Org,Community based adult social care services,Saracens House,25 St Margarets Green,Ipswich,IP4 2BN,Suffolk,East of England,E38000086,NHS Ipswich and East Suffolk CCG,NA,NA,Overall,Safe,Good,2018-11-09T00:00:00Z,Location,N,http://www.cqc.org.uk/location/1-1774755686,1-1627053721,East Of England Homecare C.I.C,-,-,EAST OF ENGLAND HOMECARE CIC
1-3832370708,Epping Close Surgery,N,Primary Medical Services,GP Practices,The Old Renal Unit,Kennedy Way,Clacton On Sea,CO15 4AB,Essex,East of England,E38000117,NHS North East Essex CCG,06T,NHS North East Essex CCG,"Families, children and young people",Overall,Good,2017-09-27T00:00:00Z,Location,N,http://www.cqc.org.uk/location/1-3832370708,1-165291700,Anglian Community Enterprise Community Interest Company (ACE CIC),-,-,ANGLIAN COMMUNITY ENTERPRISE CIC (ACE CIC)
1-2215670492,Esteem Homecare Services,N,Social Care Org,Community based adult social care services,"Room 1a, Multi Media Exchange",72-80 Corporation Road,Middlesbrough,TS1 2RF,Middlesbrough,North East,E38000162,NHS South Tees CCG,NA,NA,Overall,Safe,Requires improvement,2019-09-12T00:00:00Z,Location,N,http://www.cqc.org.uk/location/1-2215670492,1-2180895703,Esteem Homecare Services CIC,-,-,ESTEEM HOMECARE SERVICES CIC
1-1953835999,Extended Access Clinic : Bermondsey Spa Medical Centre,N,Independent Healthcare Org,Independent consulting doctors,50 Old Jamaica Road,Bermondsey,London,SE16 4BN,Southwark,London,E38000171,NHS Southwark CCG,NA,NA,Overall,Safe,Good,2019-05-16T00:00:00Z,Location,N,http://www.cqc.org.uk/location/1-1953835999,1-1351397247,Quay Health Solutions CIC,-,-,QUAY HEALTH SOLUTIONS CIC
1-157759839,Falcare,N,Social Care Org,Community based adult social care services,Trelowenak,37 Kimberley Park Road,Falmouth,TR11 2DA,Cornwall,South West,E38000089,NHS Kernow CCG,NA,NA,Overall,Safe,Good,2017-12-13T00:00:00Z,Location,N,http://www.cqc.org.uk/location/1-157759839,1-131464444,Falcare Community Interest Company,-,-,FALCARE CIC
1-1047798809,Faro Lodge,Y,Social Care Org,Residential social care,Galyon Road,NA,Kings Lynn,PE30 3YE,Norfolk,East of England,E38000203,NHS West Norfolk CCG,NA,NA,Overall,Safe,Good,2017-04-27T00:00:00Z,Location,N,http://www.cqc.org.uk/location/1-1047798809,1-893740307,Independence Matters C.I.C.,-,-,INDEPENDENCE MATTERS CIC
1-2063744860,Favoured Health Care CIC,N,Social Care Org,Community based adult social care services,"Unit 101E, Peel House",32-34 London Road,Morden,SM4 5BT,Merton,London,E38000105,NHS Merton CCG,NA,NA,Overall,Safe,Good,2019-06-21T00:00:00Z,Location,N,http://www.cqc.org.uk/location/1-2063744860,1-323827200,Favoured Health Care CIC,-,-,FAVOURED HEALTH CARE CIC
1-4997224679,Flexible Community Care - Haringey,N,Social Care Org,Community based adult social care services,Tudor Leaf Business Centre,"UNIT 220, 2-8, Fountayne Road",London,N15 4QL,Haringey,London,E38000072,NHS Haringey CCG,NA,NA,Overall,Safe,Good,2019-02-13T00:00:00Z,Location,N,http://www.cqc.org.uk/location/1-4997224679,1-4449566915,Flexible Community Care CIC,-,-,FLEXIBLE COMMUNITY CARE CIC
1-1207619156,Floating Support City,N,Social Care Org,Community based adult social care services,Vauxhall Community Hub,Johnson Place,Norwich,NR2 2SA,Norfolk,East of England,E38000218,NHS Norwich CCG,NA,NA,Overall,Safe,Good,2017-01-12T00:00:00Z,Location,N,http://www.cqc.org.uk/location/1-1207619156,1-893740307,Independence Matters C.I.C.,-,-,INDEPENDENCE MATTERS CIC
1-3832396389,Frinton Road Surgery,N,Primary Medical Services,GP Practices,68 Frinton Road,Holland On Sea,Clacton On Sea,CO15 5UW,Essex,East of England,E38000117,NHS North East Essex CCG,06T,NHS North East Essex CCG,"Families, children and young people",Overall,Requires improvement,2018-12-24T00:00:00Z,Location,N,http://www.cqc.org.uk/location/1-3832396389,1-165291700,Anglian Community Enterprise Community Interest Company (ACE CIC),-,-,ANGLIAN COMMUNITY ENTERPRISE CIC (ACE CIC)
1-120625798,Future Care & Support Service,N,Social Care Org,Community based adult social care services,Cobalt Square 13th Floor,83 Hagley Road,Birmingham,B16 8QG,Birmingham,West Midlands,E38000220,NHS Birmingham and Solihull CCG,NA,NA,Overall,Safe,Requires improvement,2019-05-08T00:00:00Z,Location,N,http://www.cqc.org.uk/location/1-120625798,1-101691942,Future Health And Social Care Association C.I.C.,-,-,FUTURE HEALTH AND SOCIAL CARE ASSOCIATION CIC
1-443780345,Future Directions CIC,N,Social Care Org,Community based adult social care services,Marle House,Oldham Broadway Business Park,Oldham,OL9 9XA,Oldham,North West,E38000135,NHS Oldham CCG,NA,NA,Overall,Safe,Good,2017-03-16T00:00:00Z,Location,N,http://www.cqc.org.uk/location/1-443780345,1-438920790,Future Directions CIC,-,-,FUTURE DIRECTIONS CIC
1-1795793231,Gannicox CIC Domiciliary Care Agency,N,Social Care Org,Community based adult social care services,"Flat 8, Whittington House",59 Cainscross Road,Stroud,GL5 4EX,Gloucestershire,South West,E38000062,NHS Gloucestershire CCG,NA,NA,Overall,Safe,Good,2019-09-10T00:00:00Z,Location,N,http://www.cqc.org.uk/location/1-1795793231,1-1693117119,Gannicox CIC,-,-,GANNICOX CIC
1-463247119,Global House,N,Independent Healthcare Org,Community health - NHS & Independent,10 Station Approach,Hayes,Bromley,BR2 7EH,Bromley,London,E38000023,NHS Bromley CCG,NA,NA,Community health services for adults,Safe,Good,2017-06-07T00:00:00Z,Location,N,http://www.cqc.org.uk/location/1-463247119,1-216234545,Bromley Healthcare Community Interest Company,-,-,BROMLEY HEALTHCARE CIC
1-6209692775,Goldthorpe Medical Centre,N,Primary Medical Services,GP Practices,Goldthorpe Green,Goldthorpe,Rotherham,S63 9EH,Barnsley,Yorkshire and The Humber,E38000006,NHS Barnsley CCG,02P,NHS Barnsley CCG,"Families, children and young people",Overall,Good,2019-05-15T00:00:00Z,Location,N,http://www.cqc.org.uk/location/1-6209692775,1-6082596120,Barnsley Healthcare Federation CIC,-,-,BARNSLEY HEALTHCARE FEDERATION CIC
1-2243774827,Grange Ave,Y,Social Care Org,Residential social care,41 Grange Avenue,Levenshulme,Manchester,M19 2FZ,Manchester,North West,E38000217,NHS Manchester CCG,NA,NA,Overall,Safe,Good,2019-07-02T00:00:00Z,Location,N,http://www.cqc.org.uk/location/1-2243774827,1-438920790,Future Directions CIC,-,-,FUTURE DIRECTIONS CIC
1-2078094412,Granville,Y,Social Care Org,Residential social care,10 Victoria Road,Eccles,Manchester,M30 9HB,Salford,North West,E38000143,NHS Salford CCG,NA,NA,Overall,Safe,Good,2017-07-22T00:00:00Z,Location,N,http://www.cqc.org.uk/location/1-2078094412,1-2024594488,Aspire: for Intelligent Care and Support C.I.C,-,-,ASPIRE: FOR INTELLIGENT CARE AND SUPPORT CIC
1-3213236325,Great Western Surgery,N,Primary Medical Services,GP Practices,Farriers Close,NA,Swindon,SN1 2QU,Swindon,South West,E38000181,NHS Swindon CCG,12D,NHS Swindon CCG,"Families, children and young people",Overall,Requires improvement,2018-08-24T00:00:00Z,Location,N,http://www.cqc.org.uk/location/1-3213236325,1-199788641,Carfax Health Enterprise Community Interest Company,-,-,CARFAX HEALTH ENTERPRISE CIC
1-3832409946,Green Elms Surgery,N,Primary Medical Services,GP Practices,32 Crossways,Jaywick,Clacton On Sea,CO15 2NB,Essex,East of England,E38000117,NHS North East Essex CCG,06T,NHS North East Essex CCG,"Families, children and young people",Overall,Good,2017-11-06T00:00:00Z,Location,N,http://www.cqc.org.uk/location/1-3832409946,1-165291700,Anglian Community Enterprise Community Interest Company (ACE CIC),-,-,ANGLIAN COMMUNITY ENTERPRISE CIC (ACE CIC)
1-2631804922,Grenfell House,N,Social Care Org,Community based adult social care services,Widnes Road,NA,Widnes,WA8 6AX,Halton,North West,E38000068,NHS Halton CCG,NA,NA,Overall,Safe,Good,2018-03-02T00:00:00Z,Location,N,http://www.cqc.org.uk/location/1-2631804922,1-1387303084,PossAbilities C.I.C,-,-,POSSABILITIES CIC
1-1678286628,Harelands House,Y,Social Care Org,Residential social care,Samson Street,Belfield,Rochdale,OL16 2XW,Rochdale,North West,E38000080,"NHS Heywood, Middleton and Rochdale CCG",NA,NA,Overall,Safe,Good,2018-03-06T00:00:00Z,Location,N,http://www.cqc.org.uk/location/1-1678286628,1-1387303084,PossAbilities C.I.C,-,-,POSSABILITIES CIC
1-1724904735,Has 2 be Happy Care,N,Social Care Org,Community based adult social care services,Gatehouse,"White Cross Industrial Estate, South Road",Lancaster,LA1 4XQ,Lancashire,North West,E38000228,NHS Morecambe Bay CCG,NA,NA,Overall,Safe,Good,2019-04-30T00:00:00Z,Location,N,http://www.cqc.org.uk/location/1-1724904735,1-1590483528,E2Inspire C.I.C.,-,-,E2INSPIRE CIC
1-540250898,Hawthorn Medical Centre,N,Primary Medical Services,GP Practices,"Unit K, Fallowfield Retail Park, Birchfields Road",NA,Manchester,M14 6FS,Manchester,North West,E38000217,NHS Manchester CCG,14L,NHS Manchester CCG,"Families, children and young people",Overall,Good,2017-06-21T00:00:00Z,Location,N,http://www.cqc.org.uk/location/1-540250898,1-199810820,Hope Citadel Healthcare Community Interest Company,-,-,HOPE CITADEL HEALTHCARE CIC
1-424027753,Hestia Care at Home,N,Social Care Org,Community based adult social care services,"Room 7, Leatside Surgery",Babbage Road,Totnes,TQ9 5JA,Devon,South West,E38000230,NHS Devon CCG,NA,NA,Overall,Safe,Good,2019-05-02T00:00:00Z,Location,N,http://www.cqc.org.uk/location/1-424027753,1-398661339,Hestia Care at Home CIC,-,-,HESTIA CARE AT HOME CIC
1-3233736368,Highfield Resource Centre,Y,Social Care Org,Residential social care,Wawne Road,Sutton On Hull,Hull,HU7 4YG,"Kingston upon Hull, City of",Yorkshire and The Humber,E38000085,NHS Hull CCG,NA,NA,Overall,Safe,Good,2018-04-21T00:00:00Z,Location,N,http://www.cqc.org.uk/location/1-3233736368,1-191582971,City Health Care Partnership CIC,BD256,BRAND City Health Care Partnership CIC,CITY HEALTH CARE PARTNERSHIP CIC
1-718554672,Hill Top Surgery,N,Primary Medical Services,GP Practices,Fitton Hill Neighbourhood Centre,Fircroft Road,Oldham,OL8 2QD,Oldham,North West,E38000135,NHS Oldham CCG,00Y,NHS Oldham CCG,"Families, children and young people",Overall,Outstanding,2016-11-16T00:00:00Z,Location,N,http://www.cqc.org.uk/location/1-718554672,1-199810820,Hope Citadel Healthcare Community Interest Company,-,-,HOPE CITADEL HEALTHCARE CIC
1-1998181488,Hollinwood Medical Practice,N,Primary Medical Services,GP Practices,1 Clive Street,NA,Oldham,OL8 3TR,Oldham,North West,E38000135,NHS Oldham CCG,00Y,NHS Oldham CCG,"Families, children and young people",Overall,Outstanding,2018-05-24T00:00:00Z,Location,N,http://www.cqc.org.uk/location/1-1998181488,1-199810820,Hope Citadel Healthcare Community Interest Company,-,-,HOPE CITADEL HEALTHCARE CIC
1-939450997,Hollyfield House,N,Social Care Org,Community based adult social care services,22 Hollyfield Road,NA,Surbiton,KT5 9AL,Kingston upon Thames,London,E38000090,NHS Kingston CCG,NA,NA,Overall,Safe,Good,2018-08-22T00:00:00Z,Location,N,http://www.cqc.org.uk/location/1-939450997,1-328569033,Your Healthcare Community Interest Company,-,-,YOUR HEALTHCARE CIC
1-2024421515,Home Fairy - Derby,N,Social Care Org,Community based adult social care services,75 Copes Way,Chaddesden,Derby,DE21 4NU,Derby,East Midlands,E38000229,NHS Derby and Derbyshire CCG,NA,NA,Overall,Safe,Good,2018-05-25T00:00:00Z,Location,N,http://www.cqc.org.uk/location/1-2024421515,1-1989064873,Home Fairy CIC,-,-,HOME FAIRY CIC
1-5627446217,Hospice at Home,N,Social Care Org,Community based adult social care services,St Luke’s Hospice,"Fobbing Farm, Nethermayne",Basildon,SS16 5NJ,Essex,East of England,E38000007,NHS Basildon and Brentwood CCG,NA,NA,Overall,Safe,Good,2019-08-21T00:00:00Z,Location,N,http://www.cqc.org.uk/location/1-5627446217,1-101641089,SPDNS Nurse Care Community Interest Company,-,-,SPDNS NURSE CARE CIC
1-1488607849,Ideal Community Care Solutions C.I.C,N,Social Care Org,Community based adult social care services,11 Redcombe Lane,NA,Brigg,DN20 8AU,North Lincolnshire,Yorkshire and The Humber,E38000122,NHS North Lincolnshire CCG,NA,NA,Overall,Safe,Good,2017-09-30T00:00:00Z,Location,N,http://www.cqc.org.uk/location/1-1488607849,1-1357383002,Ideal Community Care Solutions C.I.C.,-,-,IDEAL COMMUNITY CARE SOLUTIONS CIC
1-572021031,Inclusion Healthcare Social Enterprise CIC,N,Primary Medical Services,GP Practices,Charles Berry House,45 East Bond Street,Leicester,LE1 4SX,Leicester,East Midlands,E38000097,NHS Leicester City CCG,04C,NHS Leicester City CCG,Overall,Safe,Outstanding,2015-02-05T00:00:00Z,Location,N,http://www.cqc.org.uk/location/1-572021031,1-199708606,Inclusion Healthcare Social Enterprise CIC,-,-,INCLUSION HEALTHCARE SOCIAL ENTERPRISE CIC
1-3045369919,John Street Medical Practice,N,Primary Medical Services,GP Practices,1 John Street,NA,Oldham,OL8 1DF,Oldham,North West,E38000135,NHS Oldham CCG,00Y,NHS Oldham CCG,"Families, children and young people",Overall,Good,2017-08-30T00:00:00Z,Location,N,http://www.cqc.org.uk/location/1-3045369919,1-199810820,Hope Citadel Healthcare Community Interest Company,-,-,HOPE CITADEL HEALTHCARE CIC
1-2026234953,Just Ask Domestic Services Community Interest Company,N,Social Care Org,Community based adult social care services,C/O CHOICE BASKETS,The Sidings Business Park,Skipton,BD23 1TB,North Yorkshire,Yorkshire and The Humber,E38000001,"NHS Airedale, Wharfedale and Craven CCG",NA,NA,Overall,Safe,Good,2017-12-20T00:00:00Z,Location,N,http://www.cqc.org.uk/location/1-2026234953,1-2002075597,Just Ask Domestic Services Community Interest Company,-,-,JUST ASK DOMESTIC SERVICES CIC
1-3232472925,Karrek Community,N,Social Care Org,Community based adult social care services,Main Office Enterprise House,"St Austell Bay Business Park, Par Moor Road",St Austell,PL25 3RF,Cornwall,South West,E38000089,NHS Kernow CCG,NA,NA,Overall,Safe,Good,2018-05-22T00:00:00Z,Location,N,http://www.cqc.org.uk/location/1-3232472925,1-1622257490,Karrek Community CIC,-,-,KARREK COMMUNITY CIC
1-2106710184,Kidsgrove Care Solutions -  Arbour Street,Y,Social Care Org,Residential social care,52 Arbour Street,Talke Pits,Stoke On Trent,ST7 1QW,Staffordshire,West Midlands,E38000126,NHS North Staffordshire CCG,NA,NA,Overall,Safe,Good,2019-01-19T00:00:00Z,Location,N,http://www.cqc.org.uk/location/1-2106710184,1-2061440179,Kidsgrove Care Solutions CIC,-,-,KIDSGROVE CARE SOLUTIONS CIC
1-1949710807,Kings Lynn Supported Living,N,Social Care Org,Community based adult social care services,South Wootton Community Hub,Grimston Road,Kings Lynn,PE30 3HU,Norfolk,East of England,E38000203,NHS West Norfolk CCG,NA,NA,Overall,Safe,Good,2017-08-30T00:00:00Z,Location,N,http://www.cqc.org.uk/location/1-1949710807,1-893740307,Independence Matters C.I.C.,-,-,INDEPENDENCE MATTERS CIC
1-3764334810,Kirkholt Medical Practice,N,Primary Medical Services,GP Practices,Queens Drive,NA,Rochdale,OL11 2NP,Rochdale,North West,E38000080,"NHS Heywood, Middleton and Rochdale CCG",01D,"NHS Heywood, Middleton and Rochdale CCG","Families, children and young people",Overall,Good,2018-11-06T00:00:00Z,Location,N,http://www.cqc.org.uk/location/1-3764334810,1-199810820,Hope Citadel Healthcare Community Interest Company,-,-,HOPE CITADEL HEALTHCARE CIC
1-4436780475,Kirkley Mill Surgery,N,Primary Medical Services,GP Practices,Clifton Road,NA,Lowestoft,NR33 0HF,Suffolk,East of England,E38000063,NHS Great Yarmouth and Waveney CCG,06M,NHS Great Yarmouth and Waveney CCG,"Families, children and young people",Overall,Good,2019-09-24T00:00:00Z,Location,N,http://www.cqc.org.uk/location/1-4436780475,1-140317426,Suffolk GP Federation C.I.C.,-,-,SUFFOLK GP FEDERATION CIC
1-1114338193,Lauriston House,N,Independent Healthcare Org,Community health - NHS & Independent,Bickley Park Road,NA,Bromley,BR1 2AZ,Bromley,London,E38000023,NHS Bromley CCG,NA,NA,Community health inpatient services,Safe,Good,2017-03-01T00:00:00Z,Location,N,http://www.cqc.org.uk/location/1-1114338193,1-216234545,Bromley Healthcare Community Interest Company,-,-,BROMLEY HEALTHCARE CIC
1-2171302649,Leighton House,Y,Social Care Org,Residential social care,1 Leighton Avenue,Littleborough,Rochdale,OL15 0BW,Rochdale,North West,E38000080,"NHS Heywood, Middleton and Rochdale CCG",NA,NA,Overall,Safe,Good,2018-03-29T00:00:00Z,Location,N,http://www.cqc.org.uk/location/1-2171302649,1-1387303084,PossAbilities C.I.C,-,-,POSSABILITIES CIC
1-2228037860,Litfield House Medical Centre,N,Independent Healthcare Org,Independent consulting doctors,1 Litfield Place,Clifton Down,Bristol,BS8 3LS,"Bristol, City of",South West,E38000222,"NHS Bristol, North Somerset and South Gloucestershire CCG",NA,NA,Overall,Safe,Requires improvement,2019-07-18T00:00:00Z,Location,N,http://www.cqc.org.uk/location/1-2228037860,1-2131057663,National Centre for Integrative Medicine Community Interest Company,-,-,NATIONAL CENTRE FOR INTEGRATIVE MEDICINE CIC
1-1047785322,Long Stratton Supported Living,N,Social Care Org,Community based adult social care services,26 Depwade Court,Long Stratton,Norwich,NR15 2XY,Norfolk,East of England,E38000219,NHS South Norfolk CCG,NA,NA,Overall,Safe,Good,2019-07-13T00:00:00Z,Location,N,http://www.cqc.org.uk/location/1-1047785322,1-893740307,Independence Matters C.I.C.,-,-,INDEPENDENCE MATTERS CIC
1-2776087983,Loughborough Urgent Care Centre,N,Primary Medical Services,Urgent care services & mobile doctors,Hospital Way,NA,Loughborough,LE11 5JY,Leicestershire,East Midlands,E38000201,NHS West Leicestershire CCG,NA,NA,Overall,Safe,Good,2019-04-23T00:00:00Z,Location,N,http://www.cqc.org.uk/location/1-2776087983,1-199800254,DHU Health Care C.I.C.,-,-,DHU HEALTH CARE CIC
1-1040390924,MCH House,N,Independent Healthcare Org,Community health - NHS & Independent,Bailey Drive,Gillingham Business Park,Gillingham,ME8 0PZ,Medway,South East,E38000104,NHS Medway CCG,NA,NA,Community health services for adults,Safe,Good,2017-06-29T00:00:00Z,Location,N,http://www.cqc.org.uk/location/1-1040390924,1-184500761,Medway Community Healthcare C.I.C,-,-,MEDWAY COMMUNITY HEALTHCARE CIC
1-4890749546,Maids Care CIC,N,Social Care Org,Community based adult social care services,Torbay Innovation Centres,Lymington Road,Torquay,TQ1 4BD,Torbay,South West,E38000230,NHS Devon CCG,NA,NA,Overall,Safe,Good,2019-04-25T00:00:00Z,Location,N,http://www.cqc.org.uk/location/1-4890749546,1-4591081992,Maids Care CIC,-,-,MAIDS CARE CIC
1-1785258045,Martello Health Centre,N,Primary Medical Services,GP Practices,20 Chapel Road,Dymchurch,Romney Marsh,TN29 0TD,Kent,South East,E38000156,NHS South Kent Coast CCG,10A,NHS South Kent Coast CCG,"Families, children and young people",Overall,Good,2017-06-21T00:00:00Z,Location,N,http://www.cqc.org.uk/location/1-1785258045,1-1309497424,Invicta Health Community Interest Company,-,-,INVICTA HEALTH CIC
1-109787439,Meadoway Homes Limited - 613 Barking Road,Y,Social Care Org,Residential social care,613 Barking Road,Plaistow,London,E13 9EZ,Newham,London,E38000113,NHS Newham CCG,NA,NA,Overall,Safe,Good,2017-05-25T00:00:00Z,Location,N,http://www.cqc.org.uk/location/1-109787439,1-101652990,Meadoway Homes CIC,-,-,MEADOWAY HOMES CIC
1-540250390,Middleton Health Centre,N,Primary Medical Services,GP Practices,"Unit F1, Middleton Shopping Centre","Limetrees Road, Middleton",Manchester,M24 4EL,Rochdale,North West,E38000080,"NHS Heywood, Middleton and Rochdale CCG",01D,"NHS Heywood, Middleton and Rochdale CCG","Families, children and young people",Overall,Outstanding,2016-06-02T00:00:00Z,Location,N,http://www.cqc.org.uk/location/1-540250390,1-199810820,Hope Citadel Healthcare Community Interest Company,-,-,HOPE CITADEL HEALTHCARE CIC
1-1958383422,Mosslands Care and Support,N,Social Care Org,Community based adult social care services,12 Aldewood Close,Gorse Covert,Warrington,WA3 6UW,Warrington,North West,E38000194,NHS Warrington CCG,NA,NA,Overall,Safe,Good,2018-12-07T00:00:00Z,Location,N,http://www.cqc.org.uk/location/1-1958383422,1-1839748163,Catalyst Choices Community Interest Company,-,-,CATALYST CHOICES CIC
1-3552850596,N1C,N,Social Care Org,Community based adult social care services,Plimsoll Building,N1C CENTRE Handyside Street,London,N1C 4BQ,Camden,London,E38000027,NHS Camden CCG,NA,NA,Overall,Safe,Good,2018-04-06T00:00:00Z,Location,N,http://www.cqc.org.uk/location/1-3552850596,1-3155210831,Eazy Innovations C.I.C.,-,-,EAZY INNOVATIONS CIC
1-4000386467,NEDCare Community Interest Company,N,Social Care Org,Community based adult social care services,"Moretonhampstead & District Hospital, Ford Street",Moretonhampstead,Newton Abbot,TQ13 8LN,Devon,South West,E38000230,NHS Devon CCG,NA,NA,Overall,Safe,Good,2018-07-28T00:00:00Z,Location,N,http://www.cqc.org.uk/location/1-4000386467,1-3649613304,Nedcare Community Interest Company,-,-,NEDCARE CIC
1-216720327,NHS Urgent Care Centre,N,Primary Medical Services,Urgent care services & mobile doctors,Seaton House,City Link,Nottingham,NG2 4LA,Nottingham,East Midlands,E38000132,NHS Nottingham City CCG,NA,NA,Overall,Safe,Good,2017-02-13T00:00:00Z,Location,N,http://www.cqc.org.uk/location/1-216720327,1-186610815,Nottingham Citycare Partnership CIC,-,-,NOTTINGHAM CITYCARE PARTNERSHIP CIC
1-1741218008,North Yorkshire Horizons,N,Independent Healthcare Org,Community substance misuse,5 The Applegarth,NA,Northallerton,DL7 8LZ,North Yorkshire,Yorkshire and The Humber,E38000069,"NHS Hambleton, Richmondshire and Whitby CCG",NA,NA,Overall,Safe,Outstanding,2019-02-07T00:00:00Z,Location,N,http://www.cqc.org.uk/location/1-1741218008,1-183173152,Spectrum Community Health C.I.C.,-,-,SPECTRUM COMMUNITY HEALTH CIC
1-1047798828,Norwich Supported Living,N,Social Care Org,Community based adult social care services,c/o Sprowston Hub,Aslake Close,Norwich,NR7 8ET,Norfolk,East of England,E38000218,NHS Norwich CCG,NA,NA,Overall,Safe,Good,2019-03-14T00:00:00Z,Location,N,http://www.cqc.org.uk/location/1-1047798828,1-893740307,Independence Matters C.I.C.,-,-,INDEPENDENCE MATTERS CIC
1-5751058821,OWLS West Lancashire GP Federation,N,Primary Medical Services,Out of hours,20 Dingle Road,Upholland,Skelmersdale,WN8 0EN,Lancashire,North West,E38000200,NHS West Lancashire CCG,NA,NA,Overall,Safe,Good,2019-05-29T00:00:00Z,Location,N,http://www.cqc.org.uk/location/1-5751058821,1-199795559,Out Of Hours West Lancashire C.I.C.,-,-,OUT OF HOURS WEST LANCASHIRE CIC
1-6581082314,Oadby Urgent Care Centre,N,Primary Medical Services,Urgent care services & mobile doctors,18 The Parade,NA,Oadby,LE2 5BJ,Leicestershire,East Midlands,E38000051,NHS East Leicestershire and Rutland CCG,NA,NA,Overall,Safe,Good,2017-06-05T00:00:00Z,Location,Y,http://www.cqc.org.uk/location/1-6581082314,1-199800254,DHU Health Care C.I.C.,-,-,DHU HEALTH CARE CIC
1-2515027764,Oak Trees (Respite),Y,Social Care Org,Residential social care,26 Norfolk Drive,NA,Attleborough,NR17 1QW,Norfolk,East of England,E38000219,NHS South Norfolk CCG,NA,NA,Overall,Safe,Good,2017-06-07T00:00:00Z,Location,N,http://www.cqc.org.uk/location/1-2515027764,1-2490291135,Empanda Care & Support Ltd CIC,-,-,EMPANDA CARE & SUPPORT LTD CIC
1-1020208748,Park and Calder Community Practice,N,Primary Medical Services,GP Practices,Horne Street Health Centre,Hanson Lane,Halifax,HX1 5UA,Calderdale,Yorkshire and The Humber,E38000025,NHS Calderdale CCG,02T,NHS Calderdale CCG,"Families, children and young people",Overall,Good,2016-06-29T00:00:00Z,Location,N,http://www.cqc.org.uk/location/1-1020208748,1-256729774,Locala Community Partnerships C.I.C.,BD329,BRAND Locala,LOCALA COMMUNITY PARTNERSHIPS CIC
1-4072161792,Paul Clarke Home,Y,Social Care Org,Residential social care,Chatterley House,Chatterley Road,Stoke On Trent,ST6 4PX,Stoke-on-Trent,West Midlands,E38000175,NHS Stoke on Trent CCG,NA,NA,Overall,Safe,Good,2019-03-01T00:00:00Z,Location,N,http://www.cqc.org.uk/location/1-4072161792,1-2780913198,Paul Clarke (Staffordshire) Community Interest Company,-,-,PAUL CLARKE (STAFFORDSHIRE) CIC
1-4753583815,Peggy's World CiC,N,Social Care Org,Community based adult social care services,145 Cherry Grove,NA,Scunthorpe,DN16 2TH,North Lincolnshire,Yorkshire and The Humber,E38000122,NHS North Lincolnshire CCG,NA,NA,Overall,Safe,Good,2019-01-05T00:00:00Z,Location,N,http://www.cqc.org.uk/location/1-4753583815,1-4525948749,Peggy's World CiC,-,-,PEGGY'S WORLD CIC
1-1047798837,Personal Assistant Services East,N,Social Care Org,Community based adult social care services,"Personal Assistant Services East, Great Yarmouth Community Hub",Suffolk Road,Great Yarmouth,NR31 0LJ,Norfolk,East of England,E38000063,NHS Great Yarmouth and Waveney CCG,NA,NA,Overall,Safe,Requires improvement,2019-06-28T00:00:00Z,Location,N,http://www.cqc.org.uk/location/1-1047798837,1-893740307,Independence Matters C.I.C.,-,-,INDEPENDENCE MATTERS CIC
1-1047798885,Personal Assistant Services North,N,Social Care Org,Community based adult social care services,c/o Sprowston Hub,Aslake Close,Norwich,NR7 8ET,Norfolk,East of England,E38000218,NHS Norwich CCG,NA,NA,Overall,Safe,Good,2019-08-22T00:00:00Z,Location,N,http://www.cqc.org.uk/location/1-1047798885,1-893740307,Independence Matters C.I.C.,-,-,INDEPENDENCE MATTERS CIC
1-1047798914,Personal and Community Support Services Personal Assistant Services South,N,Social Care Org,Community based adult social care services,c/o Attleborough Hub,Station Road,Attleborough,NR17 2AT,Norfolk,East of England,E38000219,NHS South Norfolk CCG,NA,NA,Overall,Safe,Good,2019-06-11T00:00:00Z,Location,N,http://www.cqc.org.uk/location/1-1047798914,1-893740307,Independence Matters C.I.C.,-,-,INDEPENDENCE MATTERS CIC
1-1047798800,Pine Lodge,Y,Social Care Org,Residential social care,Repps with Bastwick,High Road,Great Yarmouth,NR29 5JH,Norfolk,East of England,E38000063,NHS Great Yarmouth and Waveney CCG,NA,NA,Overall,Safe,Good,2019-07-11T00:00:00Z,Location,N,http://www.cqc.org.uk/location/1-1047798800,1-893740307,Independence Matters C.I.C.,-,-,INDEPENDENCE MATTERS CIC
1-780475340,Rani Care C.I.C.,N,Social Care Org,Community based adult social care services,43 Chandos Gardens,NA,Leeds,LS8 1LP,Leeds,Yorkshire and The Humber,E38000225,NHS Leeds CCG,NA,NA,Overall,Safe,Requires improvement,2019-06-19T00:00:00Z,Location,N,http://www.cqc.org.uk/location/1-780475340,1-752819475,Rani Care C.I.C.,-,-,RANI CARE CIC
1-1629518956,Reach Learning Disability Care C.I.C,N,Social Care Org,Community based adult social care services,Hawtonville Community Centre,St. Marys Gardens,Newark,NG24 4JQ,Nottinghamshire,East Midlands,E38000109,NHS Newark and Sherwood CCG,NA,NA,Overall,Safe,Good,2018-12-18T00:00:00Z,Location,N,http://www.cqc.org.uk/location/1-1629518956,1-289131576,Reach Learning Disability Care C.I.C.,-,-,REACH LEARNING DISABILITY CARE CIC
1-5319980468,Richmond House Social Care Services CIC,N,Social Care Org,Community based adult social care services,96 Main Street,North Frodingham,Driffield,YO25 8LJ,East Riding of Yorkshire,Yorkshire and The Humber,E38000052,NHS East Riding of Yorkshire CCG,NA,NA,Overall,Safe,Good,2019-08-06T00:00:00Z,Location,N,http://www.cqc.org.uk/location/1-5319980468,1-4810888111,Richmond House Social Care Services CIC,-,-,RICHMOND HOUSE SOCIAL CARE SERVICES CIC
1-6716835979,SPCT Practices - Eccles Gateway,N,Primary Medical Services,GP Practices,Eccles Gateway,"28 Barton Lane, Eccles",Manchester,M30 0TU,Salford,North West,E38000143,NHS Salford CCG,01G,NHS Salford CCG,"Families, children and young people",Overall,Good,2016-07-07T00:00:00Z,Location,Y,http://www.cqc.org.uk/location/1-6716835979,1-2103767480,Salford Primary Care Together CIC,-,-,SALFORD PRIMARY CARE TOGETHER CIC
1-5026919587,SPCT Practices - Little Hulton,N,Independent Healthcare Org,GP Practices,Haysbrook Avenue,Worsley,Manchester,M28 0AY,Salford,North West,E38000143,NHS Salford CCG,NA,NA,"Families, children and young people",Overall,Good,2019-06-24T00:00:00Z,Location,N,http://www.cqc.org.uk/location/1-5026919587,1-2103767480,Salford Primary Care Together CIC,-,-,SALFORD PRIMARY CARE TOGETHER CIC
1-122233502,SPDNS Nurse Care Community Interest Company (CIC),N,Social Care Org,Community based adult social care services,SPDNS House,449 London Road,Westcliff On Sea,SS0 9LG,Southend-on-Sea,East of England,E38000168,NHS Southend CCG,NA,NA,Overall,Safe,Good,2017-01-11T00:00:00Z,Location,N,http://www.cqc.org.uk/location/1-122233502,1-101641089,SPDNS Nurse Care Community Interest Company,-,-,SPDNS NURSE CARE CIC
1-280686795,Sahan Cares C.I.C,N,Social Care Org,Community based adult social care services,18-20 East Avenue,NA,Hayes,UB3 2HP,Hillingdon,London,E38000082,NHS Hillingdon CCG,NA,NA,Overall,Safe,Good,2018-04-26T00:00:00Z,Location,N,http://www.cqc.org.uk/location/1-280686795,1-220623307,Sahan Cares C.I.C.,-,-,SAHAN CARES CIC
1-3853936268,Sentinel Healthcare South West CIC,N,Independent Healthcare Org,Independent consulting doctors,6 Research Way,Plymouth Science Park,Plymouth,PL6 8BU,Plymouth,South West,E38000230,NHS Devon CCG,NA,NA,Overall,Safe,Good,2019-07-15T00:00:00Z,Location,N,http://www.cqc.org.uk/location/1-3853936268,1-199812926,Sentinel Healthcare South West CIC,-,-,SENTINEL HEALTHCARE SOUTH WEST CIC
1-1822898291,Silver Tree Home Support Community Interest Company,N,Social Care Org,Community based adult social care services,"Unit 25, The Dudson Centre",Hope Street,Stoke On Trent,ST1 5DD,Stoke-on-Trent,West Midlands,E38000175,NHS Stoke on Trent CCG,NA,NA,Overall,Safe,Good,2019-06-11T00:00:00Z,Location,N,http://www.cqc.org.uk/location/1-1822898291,1-527806966,Silver Tree Home Support Community Interest Company,-,-,SILVER TREE HOME SUPPORT CIC
1-968901596,Sisters Care Service Limited,N,Social Care Org,Community based adult social care services,"Womens Business Hub, Southside Business Centre",249A  Ladypool Road,Birmingham,B12 8LF,Birmingham,West Midlands,E38000220,NHS Birmingham and Solihull CCG,NA,NA,Overall,Safe,Good,2017-06-08T00:00:00Z,Location,N,http://www.cqc.org.uk/location/1-968901596,1-945899283,Sisters Care Services CIC,-,-,SISTERS CARE SERVICES CIC
1-674400771,Sparcells Surgery,N,Primary Medical Services,GP Practices,Midwinter Close,Peatmoor,Swindon,SN5 5AN,Swindon,South West,E38000181,NHS Swindon CCG,12D,NHS Swindon CCG,"Families, children and young people",Overall,Good,2019-01-09T00:00:00Z,Location,N,http://www.cqc.org.uk/location/1-674400771,1-199788641,Carfax Health Enterprise Community Interest Company,-,-,CARFAX HEALTH ENTERPRISE CIC
1-128046455,Spectrum Continuing Care CIC,N,Social Care Org,Community based adult social care services,9-19 Rose Road,NA,Southampton,SO14 6TE,Southampton,South East,E38000167,NHS Southampton CCG,NA,NA,Overall,Safe,Good,2019-09-28T00:00:00Z,Location,N,http://www.cqc.org.uk/location/1-128046455,1-101657333,Spectrum Continuing Care CIC,-,-,SPECTRUM CONTINUING CARE CIC
1-2018369036,Springs Of Joy Care Solution (SOJ) C.I.C,N,Social Care Org,Community based adult social care services,91 Isandula Road,Basford,Nottingham,NG7 7ER,Nottingham,East Midlands,E38000132,NHS Nottingham City CCG,NA,NA,Overall,Safe,Good,2018-06-26T00:00:00Z,Location,N,http://www.cqc.org.uk/location/1-2018369036,1-1607628126,Springs Of Joy Care Solution (SOJ) C.I.C,-,-,SPRINGS OF JOY CARE SOLUTION (SOJ) CIC
1-3496772045,St Pauls Way Medical Centre,N,Primary Medical Services,GP Practices,"First Floor, 11 Selsey Street",NA,London,E14 7LJ,Tower Hamlets,London,E38000186,NHS Tower Hamlets CCG,08V,NHS Tower Hamlets CCG,"Families, children and young people",Overall,Outstanding,2018-02-06T00:00:00Z,Location,N,http://www.cqc.org.uk/location/1-3496772045,1-199732708,MEEBBB Health CIC,-,-,MEEBBB HEALTH CIC
1-2192351393,Stanley Grange,Y,Social Care Org,Residential social care,Roach Road,Samlesbury,Preston,PR5 0RB,Lancashire,North West,E38000227,NHS Greater Preston CCG,NA,NA,Overall,Safe,Good,2017-07-19T00:00:00Z,Location,N,http://www.cqc.org.uk/location/1-2192351393,1-438920790,Future Directions CIC,-,-,FUTURE DIRECTIONS CIC
1-1951605021,Steeple Bumpstead Surgery,N,Primary Medical Services,GP Practices,10 Bower Hall Drive,Steeple Bumpstead,Haverhill,CB9 7ED,Essex,East of England,E38000106,NHS Mid Essex CCG,07H,NHS West Essex CCG,"Families, children and young people",Overall,Inadequate,2019-05-21T00:00:00Z,Location,N,http://www.cqc.org.uk/location/1-1951605021,1-168055209,Provide Community Interest Company,-,-,PROVIDE CIC
1-1047798942,Stepping Out,Y,Social Care Org,Residential social care,38 Hawthorn Road,Gorleston,Great Yarmouth,NR31 8ES,Norfolk,East of England,E38000063,NHS Great Yarmouth and Waveney CCG,NA,NA,Overall,Safe,Good,2017-08-31T00:00:00Z,Location,N,http://www.cqc.org.uk/location/1-1047798942,1-893740307,Independence Matters C.I.C.,-,-,INDEPENDENCE MATTERS CIC
1-287491271,Suffolk GP Federation C.I.C. - Head Office,N,Independent Healthcare Org,Out of hours,Riverside Clinic,2 Landseer Road,Ipswich,IP3 0AZ,Suffolk,East of England,E38000086,NHS Ipswich and East Suffolk CCG,NA,NA,Overall,Safe,Requires improvement,2019-03-15T00:00:00Z,Location,N,http://www.cqc.org.uk/location/1-287491271,1-140317426,Suffolk GP Federation C.I.C.,-,-,SUFFOLK GP FEDERATION CIC
1-520153601,Sunnyhill Healthcare C.I.C,N,Primary Medical Services,GP Practices,High Street,NA,Arlesey,SG15 6SN,Central Bedfordshire,East of England,E38000010,NHS Bedfordshire CCG,06F,NHS Bedfordshire CCG,"Families, children and young people",Overall,Good,2017-03-17T00:00:00Z,Location,N,http://www.cqc.org.uk/location/1-520153601,1-199790882,Sunnyhill Healthcare C.I.C,-,-,SUNNYHILL HEALTHCARE CIC
1-284529532,Sunshine Care (Rochdale) C.I.C.,N,Social Care Org,Community based adult social care services,501a Oldham Road,NA,Rochdale,OL16 4TF,Rochdale,North West,E38000080,"NHS Heywood, Middleton and Rochdale CCG",NA,NA,Overall,Safe,Good,2017-05-20T00:00:00Z,Location,N,http://www.cqc.org.uk/location/1-284529532,1-119229201,Sunshine Care (Rochdale) C.I.C,-,-,SUNSHINE CARE (ROCHDALE) CIC
1-150119896,Support Horizons,N,Social Care Org,Community based adult social care services,3 The Courtyard,Denmark Street,Wokingham,RG40 2AZ,Wokingham,South East,E38000221,NHS Berkshire West CCG,NA,NA,Overall,Safe,Good,2018-02-17T00:00:00Z,Location,N,http://www.cqc.org.uk/location/1-150119896,1-125892596,Support Horizons Community Interest Company,-,-,SUPPORT HORIZONS CIC
1-2078059372,Supported Tenancy Network,N,Social Care Org,Community based adult social care services,Humphrey Booth Resource Ctr,"16-18 Worsley Road, Swinton",Manchester,M27 5WW,Salford,North West,E38000143,NHS Salford CCG,NA,NA,Overall,Safe,Good,2019-01-23T00:00:00Z,Location,N,http://www.cqc.org.uk/location/1-2078059372,1-2024594488,Aspire: for Intelligent Care and Support C.I.C,-,-,ASPIRE: FOR INTELLIGENT CARE AND SUPPORT CIC
1-5199411401,Sussex Elderly Care Community Interest Company,N,Social Care Org,Community based adult social care services,9 Sutton Road,NA,Seaford,BN25 1RU,East Sussex,South East,E38000055,"NHS Eastbourne, Hailsham and Seaford CCG",NA,NA,Overall,Safe,Requires improvement,2019-06-26T00:00:00Z,Location,N,http://www.cqc.org.uk/location/1-5199411401,1-4927322410,Sussex Elderly Care Community Interest Company,-,-,SUSSEX ELDERLY CARE CIC
1-2404661606,Tess CIC,N,Social Care Org,Community based adult social care services,192 Moulton Chapel Road,Moulton Chapel,Spalding,PE12 0XD,Lincolnshire,East Midlands,E38000157,NHS South Lincolnshire CCG,NA,NA,Overall,Safe,Good,2017-08-01T00:00:00Z,Location,N,http://www.cqc.org.uk/location/1-2404661606,1-2373956593,"Training, Employment, Support Solutions CIC",-,-,"TRAINING, EMPLOYMENT, SUPPORT SOLUTIONS CIC"
1-638829433,The Gate Surgery,N,Primary Medical Services,GP Practices,Chatham Street,NA,Rotherham,S65 1DJ,Rotherham,Yorkshire and The Humber,E38000141,NHS Rotherham CCG,03L,NHS Rotherham CCG,"Families, children and young people",Overall,Outstanding,2017-06-22T00:00:00Z,Location,N,http://www.cqc.org.uk/location/1-638829433,1-199713520,Gateway Primary Care C.I.C.,-,-,GATEWAY PRIMARY CARE CIC
1-224033386,The Halow Care Agency,N,Social Care Org,Community based adult social care services,Carroll House,11 Quarry Street,Guildford,GU1 3UY,Surrey,South East,E38000214,NHS Guildford and Waverley CCG,NA,NA,Overall,Safe,Good,2019-01-01T00:00:00Z,Location,N,http://www.cqc.org.uk/location/1-224033386,1-119227828,Halow Care Community Interest Company,-,-,HALOW CARE CIC
1-495435929,The Hayes,N,Independent Healthcare Org,Mental health - community & hospital - independent,19 Newport Road,NA,Stafford,ST16 1BA,Staffordshire,West Midlands,E38000173,NHS Stafford and Surrounds CCG,NA,NA,Overall,Safe,Good,2019-09-10T00:00:00Z,Location,N,http://www.cqc.org.uk/location/1-495435929,1-207456449,Midlands Psychology C.I.C,-,-,MIDLANDS PSYCHOLOGY CIC
1-3764334943,The Kingsway Practice,N,Primary Medical Services,GP Practices,285A Kingsway,NA,Rochdale,OL16 4AT,Rochdale,North West,E38000080,"NHS Heywood, Middleton and Rochdale CCG",01D,"NHS Heywood, Middleton and Rochdale CCG","Families, children and young people",Overall,Good,2018-11-06T00:00:00Z,Location,N,http://www.cqc.org.uk/location/1-3764334943,1-199810820,Hope Citadel Healthcare Community Interest Company,-,-,HOPE CITADEL HEALTHCARE CIC
1-4761023217,The Practice Bowling Green Street,N,Primary Medical Services,GP Practices,29-31 Bowling Green Street,NA,Leicester,LE1 6AS,Leicester,East Midlands,E38000097,NHS Leicester City CCG,04C,NHS Leicester City CCG,"Families, children and young people",Overall,Inadequate,2019-09-18T00:00:00Z,Location,N,http://www.cqc.org.uk/location/1-4761023217,1-199800254,DHU Health Care C.I.C.,-,-,DHU HEALTH CARE CIC
1-2577106000,The Recovery Hub Ipswich,N,Independent Healthcare Org,Residential substance misuse,175 Felixstowe Road,NA,Ipswich,IP3 8EB,Suffolk,East of England,E38000086,NHS Ipswich and East Suffolk CCG,NA,NA,Overall,Safe,Requires improvement,2019-09-13T00:00:00Z,Location,N,http://www.cqc.org.uk/location/1-2577106000,1-2501157873,The Recovery Hub Ipswich Community Interest Company,-,-,THE RECOVERY HUB IPSWICH CIC
1-2938912773,"The Surgery, Wheatley Hill",N,Primary Medical Services,Out of hours,Ashmore Terrace,Wheatley Hill,Durham,DH6 3NP,County Durham,North East,E38000047,"NHS Durham Dales, Easington and Sedgefield CCG",NA,NA,Overall,Safe,Good,2019-08-23T00:00:00Z,Location,N,http://www.cqc.org.uk/location/1-2938912773,1-2920575718,South Durham Health C.I.C,-,-,SOUTH DURHAM HEALTH CIC
1-3045530277,The Village Medical Practice,N,Primary Medical Services,GP Practices,High Street,Shaw,Oldham,OL2 8ST,Oldham,North West,E38000135,NHS Oldham CCG,00Y,NHS Oldham CCG,"Families, children and young people",Overall,Good,2017-10-26T00:00:00Z,Location,N,http://www.cqc.org.uk/location/1-3045530277,1-199810820,Hope Citadel Healthcare Community Interest Company,-,-,HOPE CITADEL HEALTHCARE CIC
1-2067803872,The Windham Croft Centre,N,Social Care Org,Community based adult social care services,20 Windham Road,NA,Richmond,TW9 2HP,Richmond upon Thames,London,E38000140,NHS Richmond CCG,NA,NA,Overall,Safe,Good,2018-06-05T00:00:00Z,Location,N,http://www.cqc.org.uk/location/1-2067803872,1-1864199043,Achieving for Children Community Interest Company,-,-,ACHIEVING FOR CHILDREN CIC
1-837507122,Thurrock Lifestyle Solutions,N,Social Care Org,Community based adult social care services,7th Floor,Thameside Complex,Grays,RM17 5DX,Thurrock,East of England,E38000185,NHS Thurrock CCG,NA,NA,Overall,Safe,Good,2019-02-01T00:00:00Z,Location,N,http://www.cqc.org.uk/location/1-837507122,1-752515750,Thurrock Lifestyle Solutions CIC,-,-,THURROCK LIFESTYLE SOLUTIONS CIC
1-3649654540,Tower Hamlets Out of Hours GP Service,N,Primary Medical Services,Out of hours,Whitechapel Rd,NA,London,E1 1BB,Tower Hamlets,London,E38000186,NHS Tower Hamlets CCG,NA,NA,Overall,Safe,Good,2018-12-07T00:00:00Z,Location,N,http://www.cqc.org.uk/location/1-3649654540,1-2008331379,Tower Hamlets GP Care Group CIC,-,-,TOWER HAMLETS GP CARE GROUP CIC
1-154615700,Unit 14b - Day Lewis House,N,Social Care Org,Community based adult social care services,324-340 Bensham Lane,Thornton Heath,Croydon,CR7 7EQ,Croydon,London,E38000040,NHS Croydon CCG,NA,NA,Overall,Safe,Good,2018-10-27T00:00:00Z,Location,N,http://www.cqc.org.uk/location/1-154615700,1-131468988,Hillside Care Services Community Interest Company,-,-,HILLSIDE CARE SERVICES CIC
1-1885786175,Vision Beyond Autism,N,Social Care Org,Community based adult social care services,Flat 2,102a Water Lane,Wilmslow,SK9 5BB,Cheshire East,North West,E38000056,NHS Eastern Cheshire CCG,NA,NA,Overall,Safe,Good,2017-07-01T00:00:00Z,Location,N,http://www.cqc.org.uk/location/1-1885786175,1-1607275226,Vision Beyond Autism CIC,-,-,VISION BEYOND AUTISM CIC
1-285686033,Walk in Centre,N,Independent Healthcare Org,Urgent care services & mobile doctors,Accident and Emergency Department,"Dewsbury And District Hospital, Halifax Road",Dewsbury,WF13 4HS,Kirklees,Yorkshire and The Humber,E38000121,NHS North Kirklees CCG,NA,NA,Overall,Safe,Good,2017-11-01T00:00:00Z,Location,N,http://www.cqc.org.uk/location/1-285686033,1-256729774,Locala Community Partnerships C.I.C.,BD329,BRAND Locala,LOCALA COMMUNITY PARTNERSHIPS CIC
1-3080822235,Walton Surgery,N,Primary Medical Services,GP Practices,301 High Street,NA,Felixstowe,IP11 9QL,Suffolk,East of England,E38000086,NHS Ipswich and East Suffolk CCG,06L,NHS Ipswich and East Suffolk CCG,"Families, children and young people",Overall,Good,2019-09-17T00:00:00Z,Location,N,http://www.cqc.org.uk/location/1-3080822235,1-140317426,Suffolk GP Federation C.I.C.,-,-,SUFFOLK GP FEDERATION CIC
1-2997840225,Waterside Health Centre,N,Primary Medical Services,GP Practices,Infirmary Street,NA,Blackburn,BB2 3SF,Blackburn with Darwen,North West,E38000014,NHS Blackburn with Darwen CCG,00Q,NHS Blackburn with Darwen CCG,"Families, children and young people",Overall,Good,2017-11-15T00:00:00Z,Location,N,http://www.cqc.org.uk/location/1-2997840225,1-199809610,Cornerstone Healthcare Community Interest Company,-,-,CORNERSTONE HEALTHCARE CIC
1-5050839118,Wellsbourne Health Centre,N,Primary Medical Services,GP Practices,179 Whitehawk Road,NA,Brighton,BN2 5FL,Brighton and Hove,South East,E38000021,NHS Brighton and Hove CCG,09D,NHS Brighton and Hove CCG,"Families, children and young people",Overall,Good,2019-06-11T00:00:00Z,Location,N,http://www.cqc.org.uk/location/1-5050839118,1-4880800890,Wellsbourne Healthcare CIC,-,-,WELLSBOURNE HEALTHCARE CIC
1-4917825523,Wigan Integrated Sexual Health Service,N,Independent Healthcare Org,Community health - NHS & Independent,"8 Ashton Gallery, The Galleries",NA,Wigan,WN1 1AS,Wigan,North West,E38000205,NHS Wigan Borough CCG,NA,NA,Community health sexual health services,Safe,Good,2019-07-31T00:00:00Z,Location,N,http://www.cqc.org.uk/location/1-4917825523,1-183173152,Spectrum Community Health C.I.C.,-,-,SPECTRUM COMMUNITY HEALTH CIC
1-508226257,Willow Bank Partnership Community Interest Company,N,Primary Medical Services,GP Practices,Meir Primary Care Centre,Weston Road,Stoke On Trent,ST3 6AB,Stoke-on-Trent,West Midlands,E38000175,NHS Stoke on Trent CCG,05W,NHS Stoke On Trent CCG,"Families, children and young people",Overall,Good,2016-11-02T00:00:00Z,Location,N,http://www.cqc.org.uk/location/1-508226257,1-285141884,Willow Bank Partnership Community Interest Company,-,-,WILLOW BANK PARTNERSHIP CIC
1-221575490,Wisdom Hospice,N,Independent Healthcare Org,Hospice services,High Bank,NA,Rochester,ME1 2NU,Medway,South East,E38000104,NHS Medway CCG,NA,NA,Overall,Safe,Good,2016-06-25T00:00:00Z,Location,N,http://www.cqc.org.uk/location/1-221575490,1-184500761,Medway Community Healthcare C.I.C,-,-,MEDWAY COMMUNITY HEALTHCARE CIC
1-1824371233,Woodbury,Y,Social Care Org,Residential social care,8 Kingsdowne Road,NA,Surbiton,KT6 6JZ,Kingston upon Thames,London,E38000090,NHS Kingston CCG,NA,NA,Overall,Safe,Good,2019-06-06T00:00:00Z,Location,N,http://www.cqc.org.uk/location/1-1824371233,1-1632655813,Balance (Support) CIC,-,-,BALANCE (SUPPORT) CIC
1-1975223043,Woodfield 24 Care Services,N,Social Care Org,Community based adult social care services,"St Catherine's House, Woodfield Park","Tickhill Road, Balby",Doncaster,DN4 8QP,Doncaster,Yorkshire and The Humber,E38000044,NHS Doncaster CCG,NA,NA,Overall,Safe,Good,2018-05-24T00:00:00Z,Location,N,http://www.cqc.org.uk/location/1-1975223043,1-1880897723,Flourish Enterprises Community Interest Company,-,-,FLOURISH ENTERPRISES CIC
1-1958383565,Woodleigh,Y,Social Care Org,Residential social care,Callands Road,Callands,Warrington,WA5 9RJ,Warrington,North West,E38000194,NHS Warrington CCG,NA,NA,Overall,Safe,Good,2019-08-23T00:00:00Z,Location,N,http://www.cqc.org.uk/location/1-1958383565,1-1839748163,Catalyst Choices Community Interest Company,-,-,CATALYST CHOICES CIC
1-3705684815,York Street Health Practice,N,Primary Medical Services,GP Practices,68 York Street,NA,Leeds,LS9 8AA,Leeds,Yorkshire and The Humber,E38000225,NHS Leeds CCG,15F,NHS Leeds CCG,"Families, children and young people",Overall,Good,2018-11-20T00:00:00Z,Location,N,http://www.cqc.org.uk/location/1-3705684815,1-199697065,Bevan Healthcare C.I.C.,-,-,BEVAN HEALTHCARE CIC
1-1482341731,You First Support Services CIC,N,Social Care Org,Community based adult social care services,The Great Bow Wharf,Bow Street,Langport,TA10 9PN,Somerset,South West,E38000150,NHS Somerset CCG,NA,NA,Overall,Safe,Good,2017-09-15T00:00:00Z,Location,N,http://www.cqc.org.uk/location/1-1482341731,1-1338620944,You First Support Services CIC,-,-,YOU FIRST SUPPORT SERVICES CIC
1-3194940485,Yourhealthcare Community Interest Company,N,Social Care Org,Community based adult social care services,Hollyfield House,22 Hollyfield Road,Surbiton,KT5 9AL,Kingston upon Thames,London,E38000090,NHS Kingston CCG,NA,NA,Overall,Safe,Good,2017-02-24T00:00:00Z,Location,N,http://www.cqc.org.uk/location/1-3194940485,1-328569033,Your Healthcare Community Interest Company,-,-,YOUR HEALTHCARE CIC
1-6644232483,i-HEART 365 Service - Extended Hours,N,Primary Medical Services,Out of hours,Woodland Drive,NA,Barnsley,S70 6QW,Barnsley,Yorkshire and The Humber,E38000006,NHS Barnsley CCG,NA,NA,Overall,Safe,Good,2019-01-17T00:00:00Z,Location,Y,http://www.cqc.org.uk/location/1-6644232483,1-6082596120,Barnsley Healthcare Federation CIC,-,-,BARNSLEY HEALTHCARE FEDERATION CIC
1-6644232206,i-HEART 365 Service - GP Streaming,N,Primary Medical Services,Out of hours,Gawber Road,NA,Barnsley,S75 2EP,Barnsley,Yorkshire and The Humber,E38000006,NHS Barnsley CCG,NA,NA,Overall,Safe,Good,2019-01-17T00:00:00Z,Location,Y,http://www.cqc.org.uk/location/1-6644232206,1-6082596120,Barnsley Healthcare Federation CIC,-,-,BARNSLEY HEALTHCARE FEDERATION CIC
1-6644232539,i-HEART 365 Service - Out of Hours Service,N,Primary Medical Services,Out of hours,Thornton Road,NA,Barnsley,S70 3NE,Barnsley,Yorkshire and The Humber,E38000006,NHS Barnsley CCG,NA,NA,Overall,Safe,Good,2019-01-17T00:00:00Z,Location,Y,http://www.cqc.org.uk/location/1-6644232539,1-6082596120,Barnsley Healthcare Federation CIC,-,-,BARNSLEY HEALTHCARE FEDERATION CIC
